{"accuracy": [0.5986912250518799, 0.8609004616737366, 0.9149299263954163, 0.9404509663581848, 0.9537947177886963, 0.9659861922264099, 0.9715911746025085, 0.9759300351142883, 0.9790312051773071, 0.9810085892677307], "loss": [1.3710219860076904, 0.44353431463241577, 0.2646065354347229, 0.1818850338459015, 0.13844603300094604, 0.10505784302949905, 0.08648009598255157, 0.07600624859333038, 0.06381329894065857, 0.05931658297777176], "val_accuracy": [0.8209651708602905, 0.9126451015472412, 0.9131003618240356, 0.9444571137428284, 0.9549282789230347, 0.9469610452651978, 0.957659900188446, 0.9623833298683167, 0.9589118957519531, 0.9613020420074463], "val_loss": [0.5694875121116638, 0.269231915473938, 0.2674891948699951, 0.1735636442899704, 0.14428016543388367, 0.16811200976371765, 0.13660864531993866, 0.13351178169250488, 0.13636630773544312, 0.1370067149400711]}